,KL1,KL2,NLL_mcmc,NLL_snf,NLL_diffusion
0,19.13322345205306,,-72.398636,-72.03282,180608.64
1,19.133223452053077,,-65.9779,-64.86137,153001.2
